honda r d americas;JP
honda of america mfg;JP
honda patents  north america;JP
honda logistics north america;JP
honda giken kogyo kabushiki;JP
honda of america manufacturing;JP
honda motor;JP
honda  north america;JP
american honda motor;JP
honda giken kogyo k k;JP
honda transmission manufacturing of america;JP
honda giken koygo kabushiki;JP
huawei  canada;CN
bayerische motoren werke;DE
hyundai electronics america;KR
hyundai america technical center;KR
hyundai translead;KR
hyundai motor america;KR
hyundai elecronics america;KR
hyundai eletronics america;KR
hyundai motor;KR
hyundai electronics;KR
hyundai electronics insustries;KR
hyundai ideal electric;KR
hyundai precision america;KR
airbus  hq  dba a3 by airbus;FR
airbus americas;FR
airbus deutschland;DE
airbus ds communications;DE
airbus helicopters;FR
nippon steel;JP
anheuser busch inbev;BE
lg;KR
lg electronics;KR
lg  sales and marketing;KR
lg fuel cell systems;KR
lg fuell cell systems;KR
lg infocomm;KR
lg nanoh20;KR
lg nanoh2o;KR
lg semicon;KR
jbs;BR
jbs united animal health ii;BR
jbs science;BR
mitsui toatsu chemicals;JP
mitsui foods;JP
mitsui high tec;JP
mitsui plastics;JP
saint gobain;FR
saint gobain abrasive;FR
saint gobain abrasives;FR
saint gobain abrasives  saint gobain abrasifs;FR
saint gobain abrastives;FR
saint gobain adfors america;FR
saint gobain adfors canada;FR
saint gobain bayform america;FR
saint gobain brunswick;FR
saint gobain calmar;FR
saint gobain calmer;FR
saint gobain ceramics and plastics;FR
saint gobain ceramics plastics;FR
saint gobain ceramics plastics  saint gobain;FR
saint gobain cermaics plastics;FR
saint gobain containers;FR
saint gobain industrial ceramics;FR
saint gobain industrial cermaics;FR
saint gobain norpro;FR
saint gobain nortn industrial ceramics;FR
saint gobain norton  industrial ceramics;FR
saint gobain norton industrail ceramics;FR
saint gobain norton industrial ceramic;FR
saint gobain norton industrial ceramics;FR
saint gobain per plastics;FR
saint gobain performance pastics;FR
saint gobain performance plastic;FR
saint gobain performance plastics;FR
saint gobain technical fabrics america;FR
saint gobain technical fabrics canada;FR
saint gobain technical fabrics of america;FR
saint gobain vetrotex america;FR
wilmar;SP
bp;GB
bp  north america;GB
bp america;GB
bp amoco;GB
bp chemicals;GB
bp chemicals  advanced materials division;GB
bp coporation north america;GB
bp exploration;GB
bp exploration alaska;GB
bp exploration and oil;GB
bp exploration and production;GB
bp exploration oil;GB
bp performance polymers;GB
bp solar;GB
bp solarex;GB
daimler benz;DE
daimler benz aktiengesellshaft;DE
daimler trucks north america;DE
total raffinage distribution;FR
total e p;FR
total american services;FR
total e p  oil shale;FR
bosch automotive motor systems;DE
bosch automotive service solution;DE
bosch automotive service solutions;DE
bosch automotive service solutions u s;DE
bosch automotive services solutions;DE
bosch automotive systems;DE
bosch battery systems;DE
bosch bettery systems;DE
bosch braking system;DE
bosch braking systems;DE
bosch energy storage solutions;DE
bosch security systems;DE
robert bosch   of delaware;DE
robert bosch  a delaware;DE
robert bosch automotive steering;DE
robert bosch battery systems;DE
robert bosch corportion;DE
robert bosch fuel systems;DE
robert bosch healthcare;DE
robert bosch packaging;DE
robert bosch power tool;DE
robert bosch security systems;DE
robert bosch start up platform north america  series 1;DE
robert bosch tool;DE
robert boschtool;DE
mazda motor;JP
mazda motor manufacturing;JP
mazda motor manufacturing u;JP
mazda motor mfg;JP
subaru of america;JP
michelin north america;FR
adidas america;DE
foxconn precision components;TW
toyota  electric systems north america;JP
toyota  manufacturing north america;JP
toyota connected north america;JP
toyota info  center u;JP
toyota infotechnology center;JP
toyota infotechnology center u;JP
toyota jidosha  manufacturing north america;JP
toyota jidosha kabushiki;JP
toyota jidosha kogyo kabushiki;JP
toyota manufacturing  manufacturing north america;JP
toyota moto  manufacturing north america;JP
toyota motor  and manufacturing n a tema;JP
toyota motor  and manufacturing north america;JP
toyota motor  manafacturing north america;JP
toyota motor  manfacturing north america;JP
toyota motor  manfuacturing north america;JP
toyota motor  manufactruing north america;JP
toyota motor  manufacturig north america;JP
toyota motor  manufacturing;JP
toyota motor  manufacturing norh america;JP
toyota motor  manufacturing norht america;JP
toyota motor  manufacturing north ameica;JP
toyota motor  manufacturing north ameria;JP
toyota motor  manufacturing north america;JP
toyota motor  manufacturing north america tema;JP
toyota motor  manufacturing north american;JP
toyota motor  manufacturnig north america;JP
toyota motor  manufacuting north america;JP
toyota motor  manufacutring north america;JP
toyota motor  manufacuturing north america;JP
toyota motor  manufaturing north america;JP
toyota motor  manuufacturing north america;JP
toyota motor  maunfacturing north america;JP
toyota motor  mfg north america;JP
toyota motor  north america;JP
toyota motor credit;JP
toyota motor egineering manufacturing north america;JP
toyota motor enegineering manufacturing north america;JP
toyota motor engg mfg north america;JP
toyota motor engineerig manufacturing north america;JP
toyota motor enginerring manufacturing north america;JP
toyota motor enigineering manufacturing north america;JP
toyota motor entineering manufactirung north america;JP
toyota motor manufacturing;JP
toyota motor north america;JP
toyota motor sales;JP
toyota motor sales u;JP
toyota technical center;JP
toyota technical center u;JP
toyota technical center u   et al;JP
toyota tsusho america;JP
toyotal motor  manufacturing north america;JP
samsung  america;KR
samsung austin semiconductor;KR
samsung austin semiconductor l p;KR
samsung austin semiconductor lp;KR
samsung display devices;KR
samsung electronics;KR
samsung electronics america;KR
samsung electronics north america;KR
samsung information systems america;KR
samsung sdi;KR
samsung sds america;KR
samsung semiconductor;KR
samsung semiconductors;KR
samsung telecommunications america;KR
nestlé waters north america;CH
societe d assistance technique pour produits nestle;CH
nissan technical center northe america;JP
nissan technical center north america;JP
nissan north america ic;JP
nissan motor manufacturing;JP
nissan motor  u;JP
nissan industrial equipment;JP
nissan design america;JP
nissan design;JP
nissan chemical america;JP
nissan  development;JP
nissan  and development;JP
basf inmont division;DE
basf enzymes;DE
basf corpotation;DE
basf corportion;DE
basf coporation;DE
basf construction chemicals;DE
basf coatings;DE
basf catalysts;DE
basf bioresearch;DE
basf beauty care solutions;DE
basf battery materials ovonic;DE
basf agricultural solutions seed;DE
basf  inmont divison;DE
basf  inmont division;DE
basf  coatings and inks division;DE
basf structural materials;DE
basf se;DE
panasonic technolgies;JP
panasonic patent center;JP
panasonic intellecutal property  of america;JP
panasonic intellectual property corportion of america;JP
panasonic intellectual property coporation of america;JP
panasonic intellectual property  of america;JP
panasonic intellectual property  america;JP
panasonic intellectual property;JP
panasonic intellectual proeprty  of america;JP
panasonic intellectual  of america;JP
panasonic intellctual property  of america;JP
panasonic intelelctual property  of america;JP
panasonic disc manufacturing  of america;JP
panasonic avionics;JP
panasonic automotive systems of america division of panasonic  of north america;JP
panasonic automotive systems  of north america division of panasonic  of north america;JP
panasonic automotive systems  of america division of panasonic of north american;JP
panasonic automotive systems  of america division of panasonic coproration of north america;JP
panasonic automotive systems  of america division of panasonic  of north america;JP
panasonic automotive systems  of america a division of panasonic  of north america;JP
panasonic automotive systems  of america;JP
panasonic  or north america;JP
panasonic  of north america;JP
panasonic;JP
unilever patent  bv;GB
unilever patent  b v;GB
unilever patent;GB
unilever hope personal care  division of conopco;GB
unilever home personeal care  division of conopco;GB
unilever home personalcare  division of conopco;GB
unilever home personal case  division of conopco;GB
unilever home personal care u  division of conopco;GB
unilever home personal care u;GB
unilever home personal care division of conopco;GB
unilever home personal care a division of conopco;GB
unilever home personal care  divsion of conopco;GB
unilever home personal care  divison of conopco;GB
unilever home personal care  divisionof conopco;GB
unilever home personal care  division of conpco;GB
unilever home personal care  division of conopoco;GB
unilever home personal care  division of conopco in c;GB
unilever home personal care  division of conopco;GB
unilever home personal care  a divsion of conopco;GB
unilever home personal care  a divison of conopco;GB
unilever home personal care  a division of conopco;GB
unilever home personal care   division of conopco;GB
unilever home personal care;GB
unilever home personal  division of conopco;GB
unilever home persona care  division of conopco;GB
unilever home person care  a division of conopco;GB
unilever home and personal care  division of conopco;GB
unilever home and personal care  a division of conopco;GB
unilever home and personal care;GB
unilever home  and care  division of conopco;GB
unilever home  and care  a division of conopco;GB
unilever bestfoods north america division of conopco;GB
unilever bestfoods north america a division of conopco;GB
unilever bestfoods north america;GB
unilever bcs;GB
denso  america in c;GB
denso  america;GB
denso  ameria;GB
thyssenkrupp steel;DE
thyssenkrupp safway;DE
thyssenkrupp industrial solutions;DE
thyssenkrupp bilstein of america;DE
thyssenkrupp  capital;DE
thyssenkrupp;DE
novartis vaccines and diagonstics;CH
novartis vaccines and diagnostics;CH
novartis vaccines and diagnostic;CH
novartis institutes for biomedical;CH
novartis finance;CH
novartis crop protection;CH
novartis consumer health;CH
novartis animal health u s;CH
novartis animal health;CH
novartis  formerly ciba geigy;CH
volkswagen;DE
volkswagen  of america;DE
volkswagen of america;DE
volkswagen of anmerica;DE
hitachi america;JP
hitachi america   and development division;JP
hitachi automotive;JP
hitachi automotive systems americas;JP
hitachi cable america;JP
hitachi cable indiana;JP
hitachi car;JP
hitachi chemical;JP
hitachi chemical  america;JP
hitachi chemical  center;JP
hitachi chemical advanced therapeutics solutions;JP
hitachi chemical diagnostic;JP
hitachi chemical diagnostics;JP
hitachi communication;JP
hitachi communication system;JP
hitachi computer;JP
hitachi computer  america;JP
hitachi computer electronics;JP
hitachi conductor;JP
hitachi construction machinery;JP
hitachi data system;JP
hitachi data systems;JP
hitachi electronic devices;JP
hitachi global storage;JP
hitachi healthcare americas;JP
hitachi high  america;JP
hitachi home electronics america;JP
hitachi instruments;JP
hitachi kokusai electric;JP
hitachi magnetic;JP
hitachi magnetics;JP
hitachi medical systems america;JP
hitachi metals;JP
hitachi metals america;JP
hitachi micro systems;JP
hitachi microcomputer;JP
hitachi microsystems;JP
hitachi of america;JP
hitachi plant  construction;JP
hitachi power systems america;JP
hitachi printing solutions america;JP
hitachi semiconductor america;JP
hitachi software global;JP
hitachi telecom u;JP
hitachi video;JP
sony  america;JP
sony  and materials;JP
sony  electronics;JP
sony  entertainment america;JP
sony  of america;JP
sony  of japan;JP
sony  of japan and sony electronics;JP
sony america;JP
sony bmg music entertainment;JP
sony brake parts;JP
sony chemical  of america;JP
sony chemicals  of america;JP
sony cinema;JP
sony computer entainment america;JP
sony computer enterntainment america;JP
sony computer entertaiment america;JP
sony computer entertainment;JP
sony computer entertainment america;JP
sony computer entertianment america;JP
sony computer intertainment america;JP
sony connect;JP
sony creative software;JP
sony dadc;JP
sony dynamic digital sound;JP
sony electonics;JP
sony electroics;JP
sony electroinics;JP
sony electromocs;JP
sony electronic;JP
sony electronics;JP
sony electronics  a delaware;JP
sony electronics  jointy;JP
sony electronics ins;JP
sony electrons;JP
sony electrronics;JP
sony eletronics;JP
sony interacive entertainment;JP
sony interactive entertainment;JP
sony interactive entertainment america;JP
sony interactive entertainment american;JP
sony interactive entertainment network america;JP
sony interactvie entertainment america;JP
sony media cloud services;JP
sony music entertainment;JP
sony network entertainment;JP
sony network entertainment internation;JP
sony networks entertainment;JP
sony online entertainment;JP
sony picture;JP
sony picture entertainment;JP
sony picture image works;JP
sony pictures;JP
sony pictures entertaiment;JP
sony pictures entertaining;JP
sony pictures entertainment;JP
sony pictures image works;JP
sony trans com;JP
sony transcom;JP
sony united kingdom;JP
sonyelectronics;JP
continental tire the americas;DE
continental tire north america;DE
volvo  north america;SE
volvo  of america;SE
volvo commercial finance  the americas;SE
volvo gm heavy truck;SE
volvo trucks north america;SE
volvo white truck;SE
glaxo smith kline;GB
glaxo smithkline;GB
glaxosmith kline;GB
glaxosmithkline;GB
glaxosmithkline consumer healthcare;GB
sabic americas;SA
sabic global  b v;SA
sabic innovative plastics;SA
sabic innovative plastics ip b v;SA
sabic innovative plastics ip bv;SA
magna;CA
magna  of america;CA
magna american;CA
magna car top systems;CA
magna car top systems of america;CA
magna card;CA
magna cartop systems of america;CA
magna design automation;CA
magna e car systems of america;CA
fujitsu america;JP
fujitsu compound semiconductor;JP
fujitsu fanuc;JP
fujitsu frontech north america;JP
fujitsu microcomputer systems;JP
fujitsu microelectronics;JP
fujitsu microelectronics america;JP
fujitsu network communications;JP
fujitsu network transmission systems;JP
fujitsu networks communications;JP
fujitsu pc;JP
fujitsu personal systems;JP
fujitsu semiconductor;JP
fujitsu siemens computers;JP
fujitsu software;JP
fujitsu takamisawa component;JP
fujitsu ten  of america;JP
fujitsu transaction solutions;JP
